config,low,instant-removal-offsetting,physical-delay-offsetting,accelerated-emissions-offsetting,upfront-embodied-offsetting
1234,1.5471979190333016,1.5471979190333016,1.562044615809994,1.5753304443688783,1.5634134121721888
2451,1.7435439258769747,1.7435439258769747,1.7675044477552893,1.7896350250067512,1.769717155795601
5859,2.2762510582797004,2.2762510582797004,2.309866891763806,2.340005623683315,2.3129695230727956
5883,1.4593909189013046,1.4593909189013046,1.4800288593831166,1.4986697170775078,1.4819480476958267
14573,1.9928517213606407,1.9928517213606407,2.0160419242476104,2.047936259950748,2.0181827569873114
15405,1.7205865652638908,1.7205865652638908,1.7348153904232015,1.7535817396848659,1.736128455889406
16333,1.9675650592308347,1.9675650592308347,1.9987396812301543,2.0268448988760244,2.0016071918612917
17442,1.883650274394998,1.883650274394998,1.8866434884719445,1.8899415436625764,1.8869201331413072
18747,1.9131492848289922,1.9131492848289922,1.933249344958554,1.9512464384845305,1.9351030784333931
18920,1.9680631105075783,1.9680631105075783,1.9947183459984996,2.0185693432637755,1.997175707408472
19334,1.5732403628547003,1.5732403628547003,1.5821376104300628,1.5904927687145036,1.5829591827907121
20672,1.546079247605111,1.546079247605111,1.5757585534753165,1.6052241342121627,1.5787941759066733
22035,1.7556045618535523,1.7556045618535523,1.785956059739233,1.8131433796410366,1.7887558804256292
22820,2.2415299396443435,2.2415299396443435,2.280996839530464,2.3163128008940044,2.284635358431496
23791,1.8324609422606275,1.8324609422606275,1.849636147956411,1.8650160410992285,1.8512202383490477
24718,2.520154836488912,2.520154836488912,2.568452561440121,2.6115684034846005,2.5728991455233925
25718,1.46416275001249,1.46416275001249,1.4735459802917084,1.4875251845332915,1.4744127048412061
25940,1.9064658979472968,1.9064658979472968,1.9251064922930226,1.9418352640430088,1.9268279238715027
26795,1.8556071340073024,1.8556071340073024,1.8706750809309773,1.884189705710928,1.8720661104096006
27777,2.7768703036332854,2.7768703036332854,2.832785379648705,2.8828187076737377,2.8379402335354604
31415,1.5883269485365192,1.5883269485365192,1.5994002964591363,1.6138475641286194,1.6005652547598024
31838,1.6674749983824504,1.6674749983824504,1.68901505521955,1.7082823414271588,1.6910004506099456
32253,1.507734730355053,1.507734730355053,1.5348740443535134,1.5591640039541588,1.537376425591956
36982,2.315031900724118,2.315031900724118,2.3687610175544105,2.417022331815194,2.373725490123635
38028,1.8754144958355292,1.8754144958355292,1.9099077218195943,1.9407772545986506,1.9130879753476573
38322,1.6166183286903832,1.6166183286903832,1.633961976794274,1.649469014483145,1.6355601956808676
38775,1.7598784455417973,1.7598784455417973,1.7836586060048594,1.8049711808182556,1.785852946300775
38827,1.8542580303707277,1.8542580303707277,1.8656149097888475,1.8758088089960905,1.8666638041996932
42880,2.157048905075784,2.157048905075784,2.184800698072052,2.209687635702526,2.187362432819816
44244,1.9547215671980225,1.9547215671980225,1.985005206495883,2.0121016421965607,1.9877969906186694
44403,1.5705113078494024,1.5705113078494024,1.5782882611775508,1.5852691324579966,1.5790065408549139
46428,1.7015378056306776,1.7015378056306776,1.7406575248921472,1.775746152430451,1.744269101170898
47306,1.4029649431948437,1.4029649431948437,1.4247606401218829,1.4442991091905262,1.426772124843646
53259,1.7851604860541572,1.7851604860541572,1.814212534550669,1.8402577684219883,1.8168938413119944
53461,2.4472195595669577,2.4472195595669577,2.4983512938098587,2.5443868056369268,2.503086295561677
55352,1.7607204455160175,1.7607204455160175,1.793035811207418,1.8219181125161887,1.796012981464745
57778,2.035925097134526,2.035925097134526,2.0824880535580634,2.124371660067479,2.086793744768586
68803,1.4674510262735565,1.4674510262735565,1.491162799404999,1.5124060838109807,1.4933503551567988
71688,2.6075040147688933,2.6075040147688933,2.6419900254295077,2.6728995745116393,2.64517240878033
72773,1.4731950800294549,1.4731950800294549,1.4978718062943748,1.5248371350940617,1.5006472655798215
72836,1.8990417197361515,1.8990417197361515,1.9137886240435416,1.9270164414907311,1.9151500814444036
73150,1.9453905256317066,1.9453905256317066,1.9665872627834091,1.9855926380228717,1.968543714523329
79138,2.3463171582419338,2.3463171582419338,2.380202396224687,2.410569221063465,2.383329106157191
80252,2.5317246927976162,2.5317246927976162,2.574311630942074,2.6131403000414872,2.5783087075271345
83061,1.4986560180113497,1.4986560180113497,1.5166547910666879,1.536271008080447,1.51867545184374
84647,2.0875238841110315,2.0875238841110315,2.1086817165833973,2.1276482692729477,2.110634341190754
86031,1.7268372772913887,1.7268372772913887,1.7483289628179604,1.7675976356816234,1.7503125646570583
86763,2.0408324632006694,2.0408324632006694,2.0849232262434634,2.1252311229763925,2.0889915339639336
91384,2.561785722722198,2.561785722722198,2.6089205081457747,2.6511955357636605,2.613271780849976
91522,1.73358544539972,1.73358544539972,1.7648823243161817,1.7925216675706497,1.7677459917776377
91628,2.1560277321803034,2.1560277321803034,2.1938498110236337,2.227645749586329,2.19733384350865
95243,1.7286821630827445,1.7286821630827445,1.7529645532373421,1.7747432484874994,1.75520621721339
102344,1.9538755019486362,1.9538755019486362,1.9817507271963735,2.006840953200123,1.9843209714660828
102652,1.7952560687603245,1.7952560687603245,1.8156922793507728,1.8340019391643152,1.8175777095898578
103652,1.92871938027858,1.92871938027858,1.958521022986681,1.9850521016782336,1.9612604155871864
103919,2.265201901443566,2.265201901443566,2.301823770000777,2.3345539519311966,2.305197627773409
106704,1.85551835846909,1.85551835846909,1.8739237270710396,1.8947823335002674,1.8756223030621657
107269,1.3710157872896085,1.3710157872896085,1.3965372944795915,1.4194014830345145,1.3988918081354702
108647,2.276694238984099,2.276694238984099,2.3073726805388306,2.334870215969807,2.3102037344046855
109117,2.230608464393478,2.230608464393478,2.260087094746156,2.286561368151555,2.262813271267194
111697,2.8448145276725096,2.8448145276725096,2.9174828832418926,2.982967845492943,2.9242094998132737
113192,1.6062302218314846,1.6062302218314846,1.634055087962022,1.6590043360830644,1.6366233360104514
115603,1.864954999023206,1.864954999023206,1.8790153805162648,1.8916256721518863,1.8803133563488965
116740,1.983813554597001,1.983813554597001,2.01505809011126,2.043164944571017,2.017951925880621
117148,1.701976838267649,1.701976838267649,1.7266963631629677,1.7488294939976947,1.7289761350668498
117225,2.316881643584019,2.316881643584019,2.366520780759678,2.4148868272649153,2.3715012024628797
118218,2.1411688595880936,2.1411688595880936,2.18385304477534,2.223591537484353,2.187943728183092
119893,2.308900116710496,2.308900116710496,2.357711740905124,2.401574927825979,2.362222912382555
123225,1.7890968106540337,1.7890968106540337,1.8153452760231927,1.840796331730808,1.8179644676055207
124025,1.667304048368541,1.667304048368541,1.688017503843705,1.7065840083290449,1.6899290099373956
124466,1.9542153965248068,1.9542153965248068,1.9954626155256616,2.0324368815644505,1.9992691335155974
128230,2.060205046534954,2.060205046534954,2.0935050023069435,2.1233866269275805,2.09658001881693
132602,1.5634179068308969,1.5634179068308969,1.5798049520996644,1.5944905068390798,1.5813170316764587
133229,2.469290889823942,2.469290889823942,2.521018768363386,2.5673471351936676,2.525790195707547
137127,2.142866428790291,2.142866428790291,2.178798443055171,2.211587496154593,2.1821154504723106
137713,1.7287361955563787,1.7287361955563787,1.7587192674929883,1.7854673814480655,1.7614786145621724
141406,2.694920675752467,2.694920675752467,2.758912762313939,2.81655560064143,2.7648352771249094
144110,2.1285962109195267,2.1285962109195267,2.167713953815046,2.2050417562009668,2.171555285309457
144788,2.035045141792927,2.035045141792927,2.0795959059972975,2.1197165210501643,2.08371627467951
145278,1.7724402057543638,1.7724402057543638,1.810070176569918,1.8438860211971144,1.8135479672257995
148007,1.3917008884151494,1.3917008884151494,1.417491613517687,1.4405733346109013,1.4198695194790307
150955,2.1330066972944577,2.1330066972944577,2.1707487958472216,2.207224081497015,2.174505773947284
154280,1.8866070450841244,1.8866070450841244,1.922561150190098,1.9548633698046778,1.9258835755724066
157705,2.1927280708238475,2.1927280708238475,2.2304771173172258,2.2641705824316505,2.2339521969893568
157966,2.3877927079019345,2.3877927079019345,2.4174978780324077,2.444099951306725,2.420237728345749
161451,2.4405143035395827,2.4405143035395827,2.494419281906914,2.5439784198239317,2.499484301196132
161815,2.546301625694213,2.546301625694213,2.5748148174952386,2.6030293618869194,2.5777175860238613
162510,2.2533671184221693,2.2533671184221693,2.2935552600725173,2.3369154534038485,2.297262757660952
163461,2.0910429251068647,2.0910429251068647,2.1386869201460232,2.181299704998662,2.1430781159415155
168997,2.1409175576268273,2.1409175576268273,2.183862609240159,2.2222768039782337,2.1878209513651443
169900,3.0097827117041023,3.0097827117041023,3.083002563801304,3.149007069191165,3.0897704774813723
170534,1.3148587416732926,1.3148587416732926,1.3281800809320303,1.340136042811545,1.329410331690981
170865,2.311734318937339,2.311734318937339,2.364520400588171,2.411867378217683,2.3693935928035885
171727,2.7778099119779345,2.7778099119779345,2.8332375839903383,2.882887758032796,2.8383506513262304
176753,1.9260589332977665,1.9260589332977665,1.9647412177670367,1.9994666608195273,1.9683140046716392
176937,1.6667915415091004,1.6667915415091004,1.6843625752828524,1.700098237731322,1.6859832446402225
177899,1.8724471507115878,1.8724471507115878,1.8949119733379691,1.9150332779540316,1.8969842038023659
180626,2.0710588868304582,2.0710588868304582,2.113305103145815,2.151129389259971,2.1172011334811627
181017,1.9619746098151272,1.9619746098151272,1.9970035208718253,2.0282556833105096,2.000227399515522
182737,2.0152300385196447,2.0152300385196447,2.0595669226809736,2.0997015072082816,2.063690298957277
183119,2.7545776910311996,2.7545776910311996,2.819995108155459,2.878807644696429,2.826042349882814
186312,3.1670579228500246,3.1670579228500246,3.2413442261178136,3.308832809742896,3.24827725379045
187289,2.191373987105556,2.191373987105556,2.2409753579239258,2.285429035364509,2.245552281827985
188087,2.0058003342620445,2.0058003342620445,2.0211756039399003,2.037679914765387,2.0225950331150484
189728,1.511232853071602,1.511232853071602,1.5282401809390491,1.5467877742807747,1.5301495423814686
194195,1.6774458023965202,1.6774458023965202,1.6989132616141667,1.7181490096970995,1.7008939631082596
202110,1.5889727966549514,1.5889727966549514,1.6136672753659314,1.6357952344257425,1.6159457776823447
203339,2.6634713458461,2.6634713458461,2.704391726174863,2.7411161954551013,2.7081748437221487
203969,2.0032331395760496,2.0032331395760496,2.0293581870530835,2.052737061612582,2.031766806938547
206106,1.8052666718400838,1.8052666718400838,1.8477216599614699,1.8859399537560078,1.8516492667587092
206197,1.800198011086447,1.800198011086447,1.8364476271085528,1.8689530317372134,1.8397936646951876
206583,1.6728918685605167,1.6728918685605167,1.7120721692791034,1.7472643142103381,1.7156922324713066
208693,2.3792834400589147,2.3792834400589147,2.426023386313406,2.4679060902679533,2.4303360521117776
212567,2.2452995416421078,2.2452995416421078,2.273259685320762,2.2989694388974544,2.2758626417039602
213587,2.278758187853886,2.278758187853886,2.3120359486635165,2.34192701224175,2.3151049111555624
216803,2.03176206420489,2.03176206420489,2.0550620253082226,2.0759311875305944,2.0572112846394535
218232,1.6064099108122174,1.6064099108122174,1.6297237819636925,1.6515994539999315,1.6318749804645665
220668,2.2937414775478233,2.2937414775478233,2.3368716807645766,2.375538827265329,2.3408522943337657
221634,2.7413847629665815,2.7413847629665815,2.7977315859871963,2.8482254952304413,2.8029308315037067
222497,2.1546129455042218,2.1546129455042218,2.180456298295762,2.203609799503986,2.18284055414029
227963,1.5259668747008963,1.5259668747008963,1.5540191129352796,1.5791455708469424,1.5566068066091638
228282,2.4733961136395775,2.4733961136395775,2.5114606555237047,2.545633654583005,2.5149691274718853
228996,2.065627610390984,2.065627610390984,2.096131181617611,2.1238692737479257,2.0989864243666743
231630,1.863289035754366,1.863289035754366,1.9005055473580756,1.9337886047391573,1.9039354868675729
231741,1.765935087416122,1.765935087416122,1.8019394211254762,1.8342418832507128,1.805263764096081
233302,1.7893693878250654,1.7893693878250654,1.8047134024529157,1.8184810776171796,1.806130232662557
235104,1.8645621403135333,1.8645621403135333,1.9008698970246511,1.9334414559994169,1.9042221253685516
235496,1.5146333608555929,1.5146333608555929,1.533530060664878,1.550457722369285,1.5352732845086325
237430,2.050651061072425,2.050651061072425,2.087017453732629,2.119626938220681,2.09037424059438
238727,2.042654413654699,2.042654413654699,2.0822205503436986,2.117735678286844,2.085874784729223
240434,1.7361726105650186,1.7361726105650186,1.7534620349094314,1.7689621653821381,1.7550577333668167
243329,2.3143587601637354,2.3143587601637354,2.338928831161216,2.3609510235333193,2.3411961752431365
244039,2.6347119976363174,2.6347119976363174,2.6858447988965297,2.732365275013258,2.690563146460841
244886,2.3928263889200685,2.3928263889200685,2.449394957598183,2.5002561703214967,2.4546244797733605
245029,2.338831098978743,2.338831098978743,2.3583806921400896,2.3814074309651123,2.360751799978893
245294,1.901092504648531,1.901092504648531,1.9302237525552377,1.9563699384304107,1.9329141193456734
245489,2.2909282156832376,2.2909282156832376,2.3232508235298837,2.3522533908030954,2.3262354686244424
248009,1.2054805504568842,1.2054805504568842,1.2207511484837121,1.2355947869704316,1.2221598511314917
248407,2.381227393367413,2.381227393367413,2.4123477396420303,2.4402317881781324,2.4152190179641555
253127,2.965611314839802,2.965611314839802,3.023407998016954,3.0757386742081185,3.028738211291393
253233,1.6958261458061752,1.6958261458061752,1.7106320763016571,1.7238961183932424,1.7119979854218015
257198,1.5094942142407664,1.5094942142407664,1.5131978006626072,1.5165264679845802,1.513540112715846
259841,2.056904943454043,2.056904943454043,2.094655977403461,2.1288817562499247,2.098138915781914
261458,2.2483353173071423,2.2483353173071423,2.295742280406489,2.3383520615539535,2.3001240162029832
262663,1.9474860811530303,1.9474860811530303,1.9697784116574935,1.9936526633492735,1.9722368212458605
265330,2.084175099196258,2.084175099196258,2.11734450728976,2.146882748846766,2.1203940107982993
265631,1.8038854386636674,1.8038854386636674,1.82017342513073,1.8347904911144168,1.821677566189445
265755,1.9163378735005756,1.9163378735005756,1.9355280784588451,1.9553529614337235,1.9373551346941633
266550,1.3115189438211698,1.3115189438211698,1.3206890429638694,1.3289146471407849,1.3215356464331545
268680,2.3722107316443464,2.3722107316443464,2.401904299566342,2.428508432226095,2.4046438440912996
274901,1.8627893743884287,1.8627893743884287,1.90039867678022,1.9341296999421749,1.9038706372617147
280583,1.508044736867152,1.508044736867152,1.5198475955398012,1.5326551593124427,1.520936624384479
280714,2.9839802344856237,2.9839802344856237,3.051010582755902,3.1112856898851025,3.0572078084479766
281553,2.4318135578438413,2.4318135578438413,2.4853619886075013,2.536655423506838,2.490634286214239
281563,1.6600696937343693,1.6600696937343693,1.6858967428249414,1.709055683628735,1.6882807053454296
283031,2.4802732026030174,2.4802732026030174,2.5365206413377295,2.5869849775519502,2.5417140927999116
285472,1.8189317411236174,1.8189317411236174,1.853214868664488,1.8839953714859614,1.856381699851987
288420,2.7660942611027304,2.7660942611027304,2.8333883292433475,2.8938991545865522,2.8396098256112516
291314,1.7927543004731261,1.7927543004731261,1.8166842917561061,1.8442646193624848,1.8195220283161866
292395,2.214577620326492,2.214577620326492,2.249212573737861,2.2801482056936107,2.252402269475699
293615,1.8064338081750555,1.8064338081750555,1.849869485540176,1.8888066545741025,1.853878111110374
294242,1.6451926838789477,1.6451926838789477,1.6821048971083572,1.715353289343187,1.6855224852035162
295080,1.6242626754430123,1.6242626754430123,1.633879937300342,1.6425145344088579,1.6347682941376602
295163,1.461242811219493,1.461242811219493,1.4944077542062608,1.524132202142941,1.49746817968923
296236,1.9369622509499622,1.9369622509499622,1.9653274536297147,1.9905501443556137,1.9679330540885573
296295,1.8125272488864388,1.8125272488864388,1.8379104837444085,1.860646071937923,1.8402519688143881
297305,2.02232987372058,2.02232987372058,2.047731723434608,2.0720631833453944,2.050075401382097
297502,1.9316194080145808,1.9316194080145808,1.9598107998188865,1.9899761291649274,1.9629175240222485
300869,2.0868413315321814,2.0868413315321814,2.1322685847051983,2.173061478317149,2.136465266658103
301004,1.5719775430164744,1.5719775430164744,1.584864072287308,1.6060658492710504,1.586053221083202
301026,1.8154548801931951,1.8154548801931951,1.8588916213368278,1.8978875991605575,1.8629038683308727
301384,1.7700128100696662,1.7700128100696662,1.8081353214069738,1.8424049221939223,1.8116592127822424
301426,1.908757181811717,1.908757181811717,1.931104554496798,1.9511305163390658,1.9331665544972085
303014,1.5901305221158977,1.5901305221158977,1.6206361092800436,1.6480139883869098,1.6234533079576254
303024,1.6207644768860883,1.6207644768860883,1.6358159963405414,1.6493139045430214,1.637205387682175
304177,1.7452077628049554,1.7452077628049554,1.7645971337644026,1.794158517434533,1.7676421124125061
305346,2.183534457187501,2.183534457187501,2.227706219169638,2.2673532281869977,2.2317857277874493
305487,2.4312760791204084,2.4312760791204084,2.4870494902625557,2.5371880815826,2.4922051097379914
311494,2.061511689540928,2.061511689540928,2.0870854934235092,2.1100051221695266,2.08944530985952
312208,2.0226583319046414,2.0226583319046414,2.049240297345534,2.0729804742387246,2.05168822244672
316555,2.238051746191398,2.238051746191398,2.289692628483455,2.336044616473115,2.294462049769976
317313,1.6576880672816818,1.6576880672816818,1.6747683889559282,1.6900969489494235,1.6763457291333372
317748,2.061724323498015,2.061724323498015,2.0865509380384784,2.113092957103199,2.089282475421789
325103,1.723629934776034,1.723629934776034,1.733100377626618,1.7424054405718652,1.7340581701712685
326463,3.1771528699944396,3.1771528699944396,3.230441880565102,3.2781578114759893,3.235356586604173
327661,2.4087462801337014,2.4087462801337014,2.4529155805845786,2.4924059537865153,2.4569856295466215
327662,2.3970238381840097,2.3970238381840097,2.4508606600855147,2.4992920941592938,2.455839202170859
330937,1.6918319301385873,1.6918319301385873,1.7176173309079175,1.7407039660914643,1.7199953251901023
331265,1.331113313246714,1.331113313246714,1.3407879638251938,1.3498118314870335,1.341681016134906
333807,1.8486109250146887,1.8486109250146887,1.8771393674874495,1.9037705952312114,1.8797730583845083
336518,2.585867276539365,2.585867276539365,2.6352093125931573,2.684262123216718,2.6397599482644436
337909,1.905871929983267,1.905871929983267,1.9230216567610485,1.9384136398878702,1.9246054728109974
338660,2.370890091432,2.370890091432,2.426614518720287,2.4767750185625266,2.43176947713347
339089,2.3137297587772463,2.3137297587772463,2.3578196518995953,2.397309896741855,2.3618866415111848
345582,2.6848820765418635,2.6848820765418635,2.7283763464918884,2.7674168813315183,2.7323934250426882
350505,1.9607491296297404,1.9607491296297404,1.9921636718374616,2.021406825444791,1.9950607797855155
352854,2.185337509556161,2.185337509556161,2.215724310141334,2.2433423387408054,2.218529311572363
353636,1.565867292638976,1.565867292638976,1.5876238755389955,1.6071130490034855,1.589630932266877
354145,1.7292705357259919,1.7292705357259919,1.7492397985647652,1.7701014799227728,1.7513880657209593
354696,1.9177571580736639,1.9177571580736639,1.9254958297296942,1.9400766455150438,1.9267777939881918
355454,1.6166247491756092,1.6166247491756092,1.623963090748475,1.6305509751262475,1.624640901837113
359418,1.8855645177431677,1.8855645177431677,1.9100257792808746,1.9319466179735605,1.912282862640891
360807,1.5687787344843573,1.5687787344843573,1.5917014502040252,1.612275426551525,1.5938184551612185
363240,2.043837996896701,2.043837996896701,2.0765997696207164,2.1133884619375927,2.08038910838142
366655,1.5368280736982953,1.5368280736982953,1.5525745472858312,1.56668469967149,1.5540274445825888
370533,2.8528337085118816,2.8528337085118816,2.9131115056491104,2.967307564041576,2.9186839432075056
372515,2.5498001007858835,2.5498001007858835,2.596187466181249,2.6377727173025813,2.600468550633565
373225,1.8099689800749104,1.8099689800749104,1.8400425924603718,1.8666928505673182,1.8427995204922019
377873,1.8573033251982005,1.8573033251982005,1.8746838132329235,1.8906053791408082,1.8762874668691454
379921,1.524519222253968,1.524519222253968,1.5398294141830406,1.555071137465683,1.5413986206301702
380268,1.6710897003833123,1.6710897003833123,1.6917238935886274,1.7214492999455897,1.694784799667152
382358,1.721909013321699,1.721909013321699,1.7507005722836477,1.7764360200009557,1.7533532496514612
385471,1.7660307833074471,1.7660307833074471,1.7761224940521614,1.7964523459271653,1.777054551461237
385479,1.7183768996179127,1.7183768996179127,1.7346705766063735,1.7492825747859728,1.7361746425506375
390235,2.0637379800390825,2.0637379800390825,2.1114169085535903,2.1542636539235938,2.1158235988266054
399881,1.463082365582341,1.463082365582341,1.476615741509194,1.498068075237598,1.4788228096571474
400961,1.7026850156305366,1.7026850156305366,1.7285000763424838,1.7515320064212654,1.7308759878792357
402591,1.6364061167066726,1.6364061167066726,1.6574210127291262,1.6762456878513576,1.659359616551891
403689,1.5877915877799191,1.5877915877799191,1.6075602154592568,1.6256248187830193,1.6094200626091897
408326,1.6916351903779747,1.6916351903779747,1.7042324040913683,1.7155333247053066,1.7053954798218252
411449,2.4754472094584106,2.4754472094584106,2.530647835231978,2.5801064166129417,2.535740679772632
415899,1.4823825399091592,1.4823825399091592,1.5036504912995727,1.5227093064539616,1.50561289736855
416909,1.939329475920816,1.939329475920816,1.9493479497155812,1.9583429385926603,1.9502733766112035
417283,2.250429258186071,2.250429258186071,2.2807431785780845,2.3078887713797864,2.283539061958682
417634,1.7575570113565635,1.7575570113565635,1.7748820274584143,1.7904188487668697,1.776481290906977
420284,1.8021647936194485,1.8021647936194485,1.820608082883083,1.8376779990778533,1.8223422733154062
420310,2.498467680248213,2.498467680248213,2.555198113202895,2.60616978727333,2.560440500988903
421061,1.7587796121531694,1.7587796121531694,1.7929121597496678,1.8234908534025827,1.796061141332191
422252,1.9963663510988032,1.9963663510988032,2.0257600051301208,2.052063687192893,2.0284699548737737
424175,1.2224395742141014,1.2224395742141014,1.2282627630391463,1.2334905739135598,1.22880063474227
427585,2.022148146450391,2.022148146450391,2.0549598120955563,2.0843345139208562,2.057985657080606
430569,2.2261886441432654,2.2261886441432654,2.2630655509497544,2.2960895727724706,2.266466808665215
436843,1.9160021956924937,1.9160021956924937,1.9479284011789584,1.98073440345397,1.9513052581713708
438582,1.7281924307411216,1.7281924307411216,1.7588564605948334,1.7861839163324473,1.7616768096260402
438890,2.424607906966578,2.424607906966578,2.480280945845819,2.530256250736657,2.485423002522026
439181,1.5024039444163555,1.5024039444163555,1.5307913781933944,1.556201041037503,1.5334089255254546
439772,2.029080055492886,2.029080055492886,2.0785119719577274,2.123049899140888,2.083087497825503
442086,2.124637528625745,2.124637528625745,2.1651654415575137,2.20142820015862,2.1689016296103474
444854,2.170615961835328,2.170615961835328,2.2110135963976054,2.2472858209901054,2.2147453412748677
446893,1.9128320640845398,1.9128320640845398,1.9538874564777862,1.9906868824855721,1.957676173913505
447451,1.5649352998495185,1.5649352998495185,1.5914948754126044,1.6152764968431244,1.5939443847688408
453854,1.9236438487363219,1.9236438487363219,1.9668223545233257,2.005596476914065,1.9708112721497988
462460,2.2912113242028864,2.2912113242028864,2.319094214735892,2.344099060825651,2.32166804636121
463789,2.015635552889136,2.015635552889136,2.0361173403000947,2.0544649179308854,2.038006811248411
466913,1.9400603998425914,1.9400603998425914,1.9783079286612628,2.012775266224106,1.9818531679901523
469825,2.272038277262227,2.272038277262227,2.308879626007921,2.3417816764919044,2.3122722594158764
471460,1.622422683543621,1.622422683543621,1.6563050324571043,1.6909902949014881,1.6598768804700859
473308,2.357832011580431,2.357832011580431,2.41330423051987,2.463199145724585,2.418433535731527
477980,1.897451612193745,1.897451612193745,1.936427405407167,1.9713947343738483,1.9400260750868912
478982,3.2312581400829306,3.2312581400829306,3.2956071786787478,3.353170009540079,3.301538534578395
479012,2.313825032583358,2.313825032583358,2.3532508230240095,2.3884777789120846,2.3568824464427993
480639,2.3623896020038435,2.3623896020038435,2.3921582276325837,2.4242733022166663,2.3949053645067386
482056,1.5945458340687653,1.5945458340687653,1.6210972440056899,1.6448715458740972,1.6235459769266087
483860,2.3913794905377586,2.3913794905377586,2.42635631970013,2.4609694969327305,2.4295817101557717
483968,1.7993868398032595,1.7993868398032595,1.8082970697609138,1.8170903111169048,1.8092015271536737
492474,2.1006700508388176,2.1006700508388176,2.1361098746989455,2.1678911304458826,2.139381245385587
494341,1.8915319697398063,1.8915319697398063,1.9058546663252836,1.9383488951898271,1.9075472152341966
494389,1.537986477519876,1.537986477519876,1.5593215929642799,1.5784421506525053,1.5612902845146126
494457,1.5238557406970357,1.5238557406970357,1.538765286702533,1.5539061094278988,1.5403240846905148
495994,2.1468801758890654,2.1468801758890654,2.184301530737723,2.2175392144334163,2.1877367639763317
497505,2.5924003559023174,2.5924003559023174,2.6272419658204673,2.6621352623533783,2.6308125830495124
499813,1.424804887646613,1.424804887646613,1.4407345217133727,1.4550086629108507,1.4422043001105809
500222,2.4485280153542766,2.4485280153542766,2.4776029734547906,2.5066657865054034,2.4802837136207305
500587,2.0415185728630925,2.0415185728630925,2.091298025060756,2.1361450375086215,2.0959054261446997
501339,1.7332725722428053,1.7332725722428053,1.7508857022417657,1.768423885625583,1.752691231646522
506611,2.6732634092941634,2.6732634092941634,2.738101300734159,2.796250515423867,2.74408662998252
508524,2.6277275515141,2.6277275515141,2.680466069716095,2.7277623887365907,2.6853344412449873
509171,2.385834593507994,2.385834593507994,2.4239032967613534,2.458007331026356,2.427415320884358
510519,2.479585523873327,2.479585523873327,2.524526301872201,2.564689451220235,2.5286664390711016
515341,1.9781270227009913,1.9781270227009913,2.008070533226868,2.0503166971292313,2.0124208271553976
515964,1.9072329645060928,1.9072329645060928,1.923084158331031,1.945754312772555,1.9251312133258744
516599,1.9960782273890694,1.9960782273890694,2.040232054451461,2.079866541715858,2.044310118539577
522291,2.1360615236055125,2.1360615236055125,2.1775675085138593,2.2151676951491934,2.1814385310426117
523632,1.6732053376604936,1.6732053376604936,1.6846919914506453,1.6950003413140589,1.6857527529749439
524357,1.5642375437337075,1.5642375437337075,1.5739039320413226,1.586271388248657,1.5747962665185684
526756,2.1287427237248213,2.1287427237248213,2.143874178784725,2.1598597322314728,2.1455201134224904
527955,1.9909282384781986,1.9909282384781986,2.037048153340426,2.0784472310971633,2.041307892364414
528077,1.802779964858925,1.802779964858925,1.8266734263678912,1.8480580220615943,1.828876487197458
528199,2.025158141744874,2.025158141744874,2.0656217105110746,2.1019388911664536,2.069358663042787
528421,1.9334673660158403,1.9334673660158403,1.9597369544009018,1.9847786709969195,1.9621629437407127
531364,1.9750804116938625,1.9750804116938625,1.9940101055846686,2.0109759967168994,1.9957572349543329
532413,1.940912426060154,1.940912426060154,1.9669186552771738,1.9903820625518833,1.9693228895506387
533327,1.4115601497692534,1.4115601497692534,1.4297917991887534,1.451985488503707,1.432078534853497
536718,1.7387434039215672,1.7387434039215672,1.7529425345425176,1.7730005059140548,1.7542538680356663
537282,1.3870635785779246,1.3870635785779246,1.3981997229251502,1.4101462924744401,1.3992274898550123
539770,2.23101493318091,2.23101493318091,2.2568535184650047,2.280000849514056,2.259237224743289
545817,1.7038150434344492,1.7038150434344492,1.7161010196893338,1.7497912463196676,1.7185617704333642
545973,1.7961207994253625,1.7961207994253625,1.8204421944606919,1.8422737768944386,1.8226885112312334
546720,1.5842236277365862,1.5842236277365862,1.6090824266209054,1.6313039861453076,1.6113728610566698
549103,2.1222323073905263,2.1222323073905263,2.167921513360581,2.2090742039014226,2.1721495468231375
552587,2.130962371769923,2.130962371769923,2.173563910585776,2.214873186362606,2.1778147689391467
552805,2.783340764807277,2.783340764807277,2.8208648727299517,2.854379463215577,2.824320565280828
553158,1.9931114801349106,1.9931114801349106,2.012432306135996,2.048043715479614,2.0161029152797223
555172,1.8140224571125432,1.8140224571125432,1.8266577736464724,1.838006715428156,1.8278251888559653
555355,1.6095253898638553,1.6095253898638553,1.6252450412715738,1.6393379328410693,1.6266958631699031
556343,2.4405113800918037,2.4405113800918037,2.4674427856858827,2.4916036506384445,2.469929344920249
558454,2.044034041051109,2.044034041051109,2.082152080473787,2.1162238343414796,2.0856640573014067
560187,1.9663215987957348,1.9663215987957348,2.012026102597154,2.0530776243566313,2.016248875409056
562448,1.6962730911345056,1.6962730911345056,1.7126319062624122,1.7434664120038361,1.714800348946371
563529,1.5951582636518593,1.5951582636518593,1.6161042601336149,1.6348741216972473,1.6180369302560709
564291,1.6959131042901516,1.6959131042901516,1.7124260401826812,1.727228159122864,1.7139499584876698
564361,1.6141302485134459,1.6141302485134459,1.637138966790151,1.6590423468138134,1.6392622006303066
566674,2.213736686838729,2.213736686838729,2.2487413590741543,2.2850344344182103,2.2524804391465976
568039,2.3904975478549417,2.3904975478549417,2.4258177983542586,2.4574479222494308,2.429075560584567
571223,2.124136866465721,2.124136866465721,2.160627730705299,2.193325249489233,2.163994585305799
571362,2.622539533615858,2.622539533615858,2.679234464925972,2.7300530901937594,2.6844664149492585
572902,1.9577234841591227,1.9577234841591227,1.98629843065046,2.0119404278458575,1.9889371461126826
576241,2.161034204851716,2.161034204851716,2.2006760069992874,2.236135269143065,2.2043298752694374
580380,1.7920572255140514,1.7920572255140514,1.8109578098595118,1.8279079647042709,1.8127025305069238
587575,1.6110963401185276,1.6110963401185276,1.6158538286511062,1.6201284156485598,1.6162934730056147
590276,1.4670180136228088,1.4670180136228088,1.4835622789310443,1.4983801468946105,1.4850883452034835
590929,2.104462575295406,2.104462575295406,2.130324416688439,2.153469005920735,2.132708848674613
594654,2.7365917520213547,2.7365917520213547,2.8006499993377076,2.858485731902386,2.806571731642929
595024,1.4866069187849607,1.4866069187849607,1.4908665269233639,1.4946944303041227,1.4912602006146813
599948,2.0483761229917485,2.0483761229917485,2.0847093194096242,2.1172614889979644,2.088061346330403
601182,2.244402321628111,2.244402321628111,2.293096032964752,2.336868112597026,2.297597008191656
601501,1.9375591093097693,1.9375591093097693,1.957373406857773,1.9751374458601074,1.959202148222032
603115,1.5536848643272023,1.5536848643272023,1.5861540487578898,1.6153075936571346,1.5891534022259928
609634,1.638813249918504,1.638813249918504,1.6675908446734407,1.6933799340986246,1.6702462220554124
614650,1.7196415038436876,1.7196415038436876,1.7465972508651164,1.770741791807818,1.7490837917724062
614919,1.5716968756484435,1.5716968756484435,1.5828030954605419,1.592758037864275,1.583828009614924
620317,1.790544867093995,1.790544867093995,1.8046995616940449,1.817501973374584,1.8060173611935293
621158,2.4797192778254566,2.4797192778254566,2.5253962739143487,2.566267616485763,2.5296072093812842
622724,2.397215110376544,2.397215110376544,2.4537691678067985,2.5046355142859986,2.4589983999820757
623832,2.6953115215106327,2.6953115215106327,2.7460748281960123,2.7916006113827083,2.7507608405481863
626176,2.1900145908593123,2.1900145908593123,2.213928989586846,2.254848787157187,2.2161387519560893
627861,1.8250129813182177,1.8250129813182177,1.8555673607662049,1.8842014300736074,1.8585157121596037
628635,2.0908877353836335,2.0908877353836335,2.1124845494306377,2.1318471138089903,2.1144778387927188
629398,1.8744959390196623,1.8744959390196623,1.8881758033417517,1.9004474841592323,1.8894388097131947
634199,2.228217196613552,2.228217196613552,2.2515679941967246,2.2725012618383786,2.253723043452722
636868,3.3194831801799265,3.3194831801799265,3.3966640520282714,3.466145905427916,3.403804236302915
637413,1.6404747887419395,1.6404747887419395,1.6613021244732429,1.6801921412510248,1.6632465479830747
639261,1.5567054028197098,1.5567054028197098,1.5762350699548262,1.5937388790758222,1.578037235922437
640712,1.8478560166457347,1.8478560166457347,1.870428700042922,1.8919123382527576,1.8725141514790429
641286,2.546479050965581,2.546479050965581,2.587661826462125,2.6245360146346,2.5914599025961755
641290,2.1812990134372776,2.1812990134372776,2.2243872680684076,2.2629634236808736,2.2283609507871027
642460,2.6566379845074235,2.6566379845074235,2.7077958784697413,2.753706450895276,2.712520203000292
642864,1.9528417480230418,1.9528417480230418,1.9699282172914845,1.9858993473517372,1.9715732466890914
643446,1.9326373788094158,1.9326373788094158,1.973167330152186,2.009514431954145,1.9769086121950694
645106,1.867528860635226,1.867528860635226,1.8943313173153384,1.9245586757588942,1.8968055227625409
646968,1.6628002679189757,1.6628002679189757,1.6860445759971951,1.7068605273432271,1.6881884926395496
648218,1.5539274053980663,1.5539274053980663,1.5828927655196507,1.6088652356092135,1.5855663418442318
655080,2.3095152062622413,2.3095152062622413,2.3575913313623045,2.400763874294014,2.3620327979413682
657102,2.1692201111350315,2.1692201111350315,2.1900097925743576,2.208636369012563,2.1919278405047193
658040,2.177952058814301,2.177952058814301,2.2044915858071925,2.228256576161016,2.206939321879962
660104,1.7862994295155887,1.7862994295155887,1.8175496287970752,1.845503946698278,1.8204300952657
661893,1.7572488703124802,1.7572488703124802,1.7727470056085035,1.786643067499259,1.7741774808437751
663106,2.3265995146906095,2.3265995146906095,2.364593874347111,2.4023404965729815,2.368480959147339
665725,1.6982330334061007,1.6982330334061007,1.705109943708755,1.7130356139703042,1.705745344275706
669358,1.7369484409330942,1.7369484409330942,1.747340935229718,1.7566663942677652,1.7483005937117306
671351,3.3419018711068977,3.3419018711068977,3.406855094530059,3.465002568265969,3.4128448295061364
672562,2.076212454695989,2.076212454695989,2.1166283304708227,2.152952370819543,2.1203638193330336
674691,2.3548083286186814,2.3548083286186814,2.404517552478109,2.4490330481362426,2.409102389405345
676568,1.9761244301979206,1.9761244301979206,1.999594413262422,2.0210034118005575,2.0017575540469554
680466,2.213009693331501,2.213009693331501,2.2402800084742367,2.265789220160695,2.24279702176849
682371,2.492840115785014,2.492840115785014,2.5463982119306285,2.594455404410343,2.551343744347613
684383,2.2354971228353446,2.2354971228353446,2.279564313187277,2.3190129807282895,2.28362801697998
685481,2.02345091528695,2.02345091528695,2.033756386191284,2.0430057561372394,2.034708126924948
687144,1.850407357360116,1.850407357360116,1.881424332311762,1.9092475165654326,1.8842879600987856
689100,1.7294746171568258,1.7294746171568258,1.7532156282222244,1.7744799067117443,1.7554055940292623
690727,1.742163860499354,1.742163860499354,1.7719844201839619,1.7986978498149897,1.7747353680384303
695073,1.5072250920208565,1.5072250920208565,1.5163011539856495,1.5418601681815611,1.5189338442386717
699273,3.2931160298325564,3.2931160298325564,3.3532063372520073,3.40695033402591,3.3587445901255553
701488,1.348048310886546,1.348048310886546,1.3734921878362627,1.3963490148878914,1.3758432164894783
702134,2.0130438516346607,2.0130438516346607,2.0459434546302266,2.075465141862594,2.048981385959072
704519,1.6740260802520235,1.6740260802520235,1.6886630758067749,1.7017905723367626,1.6900142851176152
705397,1.8279390586847397,1.8279390586847397,1.8458997676281514,1.8619843759823171,1.8475563878553123
706198,2.2792160496536806,2.2792160496536806,2.3015511749620114,2.321567326149091,2.30361209358196
707606,1.9133002905792706,1.9133002905792706,1.9304010638671327,1.9474475369006405,1.931978765767491
708492,2.6289275367485687,2.6289275367485687,2.6774032907558603,2.720929777952729,2.6818812768445635
710379,3.2948181694156777,3.2948181694156777,3.363934951446291,3.4260195921978305,3.370321160240525
712340,2.670086238452387,2.670086238452387,2.731586693606803,2.786799727594236,2.7372672963653715
715198,1.762929393727538,1.762929393727538,1.777563667048465,1.790688759735595,1.7789146257589616
715599,1.619267933632291,1.619267933632291,1.6302603923159948,1.6571621392057057,1.6322523771281263
716043,1.794138761281938,1.794138761281938,1.8140258536343026,1.83228943683941,1.8159064886871372
716458,2.4821758366505864,2.4821758366505864,2.5085323074996535,2.5321696615576164,2.51096533825382
724189,1.475949690139043,1.475949690139043,1.4876730004605885,1.4981973318715414,1.4887558262893972
725704,2.6158679925052484,2.6158679925052484,2.6619432782724184,2.70322571391275,2.666194287904635
729117,1.6651738873053257,1.6651738873053257,1.6840322126420946,1.700949815618908,1.685773343553077
729658,1.8774424488504897,1.8774424488504897,1.8981875672694744,1.9264865457840434,1.9004998732892509
730158,1.499932333019944,1.499932333019944,1.516537644028429,1.5314273391216593,1.5180703655514691
732783,1.5462992420001063,1.5462992420001063,1.5615078154348316,1.5751565510878407,1.5629122951521655
742265,1.5257527261919237,1.5257527261919237,1.5458488977504423,1.5638486491880197,1.5477026282170139
745172,1.7230473531330535,1.7230473531330535,1.740492623956133,1.7668751085847658,1.7421035358043175
749442,2.8260698799084407,2.8260698799084407,2.876712239141078,2.9216742831344193,2.8813600052106922
750028,1.937428839502949,1.937428839502949,1.9588800916480986,1.9781357170852776,1.9608613385514013
751655,2.5639332070771834,2.5639332070771834,2.6205784008997806,2.671471578413486,2.6258129109557506
751960,2.0045116248936328,2.0045116248936328,2.0303165556504146,2.053479108643045,2.032699852087236
754719,1.9688662124750043,1.9688662124750043,2.0032257061430236,2.034023202705661,2.006396457369019
755834,2.215078572849486,2.215078572849486,2.2370194694195673,2.256680326337025,2.2390439116337557
761789,1.3502845069406924,1.3502845069406924,1.3627015988692228,1.3742850409393363,1.3638939345290542
761862,1.8639912687235414,1.8639912687235414,1.8842905169933084,1.9024960555023849,1.8861644101418316
763191,2.119257128112654,2.119257128112654,2.1701143483817527,2.215850550895063,2.17481658315652
767769,1.670929839070473,1.670929839070473,1.6846165620283278,1.6968696945290576,1.685878733217031
770077,2.137206492252581,2.137206492252581,2.152688634128103,2.1794877082469895,2.1554466539073664
775025,2.1375780463564342,2.1375780463564342,2.171366913371229,2.2016553157057235,2.1744852080715678
778546,2.8902128883397475,2.8902128883397475,2.9641400996520777,3.030639691952623,2.970976075087652
779469,2.7483060860790136,2.7483060860790136,2.805031184040263,2.8558246989770053,2.810262872673675
779589,2.3108937534994185,2.3108937534994185,2.3607438614247256,2.405451121499973,2.36534570450366
779830,2.6400211175139505,2.6400211175139505,2.686463683561149,2.728005402041917,2.6907443443516668
779847,1.803295356897841,1.803295356897841,1.8231315307377698,1.8446513660256636,1.8249617826968894
780544,1.5435948391530099,1.5435948391530099,1.5642103713766629,1.5839389986182026,1.5662405513368785
781141,2.102223037247347,2.102223037247347,2.1302349786356256,2.1553075759926688,2.1328178746233393
786817,1.3928088182025566,1.3928088182025566,1.4097692692438382,1.4279182476993753,1.4116390403405867
787474,1.948507996531989,1.948507996531989,1.9685071146077593,1.9877987743219674,1.97035342262957
787479,1.8934694141390827,1.8934694141390827,1.9121628416739929,1.931426634483239,1.914147162673069
791240,2.213833589688787,2.213833589688787,2.2615521645952885,2.3043475822028756,2.2659571512864813
793001,2.034177597775366,2.034177597775366,2.0492119289205,2.062695653662448,2.0505998107287153
796810,2.0561408627886504,2.0561408627886504,2.0888961291190933,2.1198460966992845,2.091918386869749
799916,2.02492171204298,2.02492171204298,2.0412485099580464,2.078036518027921,2.0450347944528726
801817,1.8831908526494128,1.8831908526494128,1.9059832886537793,1.9264067921265555,1.9080862629999318
803496,1.948513747326332,1.948513747326332,1.9625221268837232,1.975536581688728,1.9638157699412162
812816,1.9779488188333076,1.9779488188333076,1.996561739009197,2.0234862359826433,1.9989559935955612
813191,1.7743661594202604,1.7743661594202604,1.8044652218169606,1.8312551843440086,1.8072315914126824
816647,1.9047331372673655,1.9047331372673655,1.924063601790366,1.9413533198305026,1.9258452720628276
818947,2.4231072475842623,2.4231072475842623,2.4779252486880265,2.527120713957012,2.482987633145412
819219,2.0332890484010564,2.0332890484010564,2.0793225185002266,2.1206679230555032,2.083576876517737
820681,1.9876917216994283,1.9876917216994283,2.0233581234037854,2.0553452010956716,2.0266505177944234
821455,2.0442204356741405,2.0442204356741405,2.0621690228433325,2.0824862718894197,2.0642607960396275
822244,2.402872042007773,2.402872042007773,2.444715265746824,2.4820826315800484,2.448568406309766
825529,2.3090696637871218,2.3090696637871218,2.3375450951303014,2.3630660131831136,2.3401727221668778
829848,1.9386154733636458,1.9386154733636458,1.976926179170466,2.0124642294277097,1.9805869089947203
830525,1.571536985415812,1.571536985415812,1.5921261815196208,1.6105703075491948,1.5940255703865676
830724,2.378683343129839,2.378683343129839,2.420822646539278,2.4584540155939116,2.4247030250230637
830906,1.7823044958335603,1.7823044958335603,1.807977160372216,1.8348774917324664,1.8107465547847936
832560,2.0075865274933333,2.0075865274933333,2.02024314268134,2.0317860663544725,2.0214315378039824
833309,1.7725499402743834,1.7725499402743834,1.8029238306238458,1.830168326954723,1.8057279638985733
834265,1.7708682192444463,1.7708682192444463,1.7842430536002416,1.7962470018780345,1.78547824861604
834634,2.379488098390113,2.379488098390113,2.417766472685357,2.4516809459333975,2.421275254095058
835624,2.7114957066428618,2.7114957066428618,2.7611375067157526,2.805931191620051,2.765747704425061
836908,2.1146957270689564,2.1146957270689564,2.1384657261358884,2.162632545197357,2.1406603076600894
841380,1.8206843334128837,1.8206843334128837,1.8499468554161576,1.8761492823715022,1.8526457164543586
846875,2.217904472196442,2.217904472196442,2.2513316070924843,2.281185844898207,2.254409912430609
848091,2.229643335016687,2.229643335016687,2.2722099532444995,2.3103508875595464,2.2761373037794623
851343,1.6094379234154075,1.6094379234154075,1.6220859184301815,1.6334246545337432,1.6232532197358187
854408,3.330078127586909,3.330078127586909,3.4015124722836743,3.465783972634372,3.408118996275206
856264,1.385895633206994,1.385895633206994,1.4116410638644727,1.434770594681649,1.414020073942865
857075,2.3204047415258,2.3204047415258,2.361432460225655,2.3983012522463807,2.3652242037157096
858852,1.6032159694570907,1.6032159694570907,1.627366414330044,1.649053953336452,1.629598076436592
860466,1.992291041870473,1.992291041870473,2.0265425802244286,2.057238146881283,2.029703047796581
860907,1.5934725633122424,1.5934725633122424,1.6224448769017992,1.648392926192481,1.6251172740619864
865307,2.0336637875462378,2.0336637875462378,2.076683186866037,2.1153187155292636,2.080657509855526
865567,1.6278315168957478,1.6278315168957478,1.6499542680726325,1.670475459821949,1.6519949486245642
867116,2.0514589085132884,2.0514589085132884,2.0958109104381224,2.1355934009026756,2.09990546226416
870802,1.8099112207923242,1.8099112207923242,1.8294276121822035,1.8651522669680334,1.8314445920372715
873821,1.993997299572232,1.993997299572232,2.0235155247159957,2.0513578980885203,2.0263803361584807
877558,1.5942160579607316,1.5942160579607316,1.6175290321296656,1.644623774980462,1.6202878944933932
881241,2.120288110814667,2.120288110814667,2.152942697259028,2.1821193582070935,2.1559506033877573
882045,3.229758617253589,3.229758617253589,3.2982021831093467,3.359734033632959,3.304529078867473
884433,1.58403909651398,1.58403909651398,1.6046115973020394,1.6295116816724078,1.6071757060396368
886960,2.277182272466711,2.277182272466711,2.313781241360252,2.3466059306289684,2.317159868819122
888917,2.513611902456658,2.513611902456658,2.574033435507668,2.6282038296905443,2.579610064582231
891806,2.0485530723914085,2.0485530723914085,2.0796029770720965,2.1096697826286244,2.082699023886397
897842,2.76076509837883,2.76076509837883,2.8186217212144054,2.8704369324411347,2.823958398334155
901303,1.9752611725861204,1.9752611725861204,2.018512914450446,2.0573568793440957,2.022508843945553
901370,1.793206253170567,1.793206253170567,1.830818056083033,1.8654780441419054,1.8342879909804983
908023,3.087451818832075,3.087451818832075,3.156278401501761,3.218093197621072,3.1626374229320295
908228,2.7846082149053384,2.7846082149053384,2.842256942644428,2.893978778286934,2.8475799321844195
911733,2.2179970294972833,2.2179970294972833,2.250147941992416,2.2788687740278846,2.253109122348623
911896,2.1622932021339905,2.1622932021339905,2.197719028169975,2.229459465813336,2.2009874995076637
912387,1.7697247505747746,1.7697247505747746,1.7881480878112443,1.808438746711695,1.790238321081916
913902,1.5896405971315697,1.5896405971315697,1.616591344466764,1.6407001650216673,1.619075546339636
913987,1.6413902344292384,1.6413902344292384,1.6606812052079116,1.6782346350661574,1.6624887936749533
915820,1.798692451284847,1.798692451284847,1.8146556969034964,1.8293429641611019,1.816128882362326
918629,1.3911182051078506,1.3911182051078506,1.4096350656215895,1.4262199929492687,1.4113431192593078
920419,2.4091708550618796,2.4091708550618796,2.4498826777173424,2.4864392981838215,2.4536334166984024
921150,2.8075016409582867,2.8075016409582867,2.8768022137893987,2.9390544562415504,2.883205410890924
921414,2.051547739944841,2.051547739944841,2.0843744161681435,2.1137350201150658,2.087399953072472
922347,1.7339522939095742,1.7339522939095742,1.7522567206213473,1.772027138010166,1.7539458716254719
923031,1.8747735238253187,1.8747735238253187,1.9112806706630439,1.944055017175195,1.9146527672101632
925378,1.4573384014307584,1.4573384014307584,1.480112289750481,1.500864178333641,1.4822136891430966
925732,1.9453219887785014,1.9453219887785014,1.9845550588914052,2.019602127822029,1.9881684766333454
926084,2.3017506089884825,2.3017506089884825,2.33056060679752,2.3563658410908612,2.333218189485866
926133,2.9596579552799436,2.9596579552799436,3.0072996254906172,3.051515570528586,3.011695530346338
926545,1.7972407664431236,1.7972407664431236,1.8036768127303875,1.8094578619353316,1.8042714721597937
930465,1.6195822237964554,1.6195822237964554,1.645646232042598,1.668940410412757,1.648047417479153
934207,1.5982795607246134,1.5982795607246134,1.6306243866593781,1.660096312029233,1.6336585985884784
935800,1.5561733337401789,1.5561733337401789,1.5776910136562605,1.5969087515057636,1.579672598647437
940474,1.7003665575523637,1.7003665575523637,1.7249475063390114,1.7469897753858603,1.727216484992917
941930,2.5839937203703296,2.5839937203703296,2.632550224520137,2.675968069712184,2.6370248621284977
943371,1.87031013688859,1.87031013688859,1.8889403060314254,1.905616579843996,1.8906579791983498
944418,1.4370713415385659,1.4370713415385659,1.4496521859410396,1.4626440433591543,1.4509897110555856
944765,2.0675797307055808,2.0675797307055808,2.092104267921504,2.115910842674762,2.094368125013947
950905,1.7905820236671235,1.7905820236671235,1.814118094953667,1.8351899175685895,1.8162886192256567
951456,2.241572770855537,2.241572770855537,2.287850805887815,2.3293813802030936,2.292124387935861
951519,1.6556389700054828,1.6556389700054828,1.6917002776839396,1.7240109794428895,1.6950274094705562
952101,2.0396862954222703,2.0396862954222703,2.0657539425611686,2.0925844186725753,2.068159275457264
952111,3.4759125875656824,3.4759125875656824,3.5500428261410835,3.6169050094461515,3.556908254608992
955183,1.6751205049263613,1.6751205049263613,1.7003348767315625,1.722874368348303,1.7026580735482564
956071,1.767697522723321,1.767697522723321,1.779704405802742,1.790484691363143,1.7808135058557315
956603,2.016559168198093,2.016559168198093,2.047774306087848,2.0755699383076736,2.050643984274065
956910,1.6142446305507714,1.6142446305507714,1.6274256001435126,1.6415451352513457,1.6286471658649473
957169,1.767663268835445,1.767663268835445,1.7878631678590173,1.8059645131316726,1.7897269911395035
960576,1.7726319159042248,1.7726319159042248,1.801565234655255,1.8288313062625337,1.8043735669864374
962434,2.140876741238926,2.140876741238926,2.189888758402991,2.233925106381709,2.194417971301029
966242,1.5990256720051532,1.5990256720051532,1.6097492764176564,1.6221652794460544,1.6107392544079326
967285,2.397142340392645,2.397142340392645,2.448472956155134,2.4944652337531346,2.4532089086881825
967759,2.4306825602724755,2.4306825602724755,2.4745778867016592,2.5276210872930696,2.4800303119099265
970231,2.0616809249104073,2.0616809249104073,2.103456578672831,2.140910759958712,2.1073123307201396
972367,1.709497668881655,1.709497668881655,1.7404781597857226,1.7683806501494475,1.7433500042938492
973961,1.7988209358088247,1.7988209358088247,1.829199050157886,1.857905024177166,1.83215330540548
975242,2.3993425421710866,2.3993425421710866,2.4579724311295816,2.510740847620579,2.463400565379146
976460,1.9015234393724572,1.9015234393724572,1.9373502834911907,1.9693629134866175,1.940650484474949
978348,2.042668774748086,2.042668774748086,2.075541093725444,2.1049266676846634,2.078569912272511
980126,1.9225162166122434,1.9225162166122434,1.9346103125280179,1.9483375921068578,1.9357273886670894
982030,1.7441774757351627,1.7441774757351627,1.7811221220889866,1.8142987857632764,1.784535090406713
985013,2.450071380178783,2.450071380178783,2.4845184961240783,2.515420897171112,2.487698942243947
985641,2.5435022792013386,2.5435022792013386,2.5724098350115217,2.5984418738098545,2.575090696102221
987957,2.5985474764158427,2.5985474764158427,2.657555329986187,2.7106701857815088,2.663013925541504
989358,3.5890284762738585,3.5890284762738585,3.671974987857583,3.7468372707647744,3.6796596107560977
989461,1.4210455595654314,1.4210455595654314,1.4404226689969841,1.4593171246537213,1.4422100320767062
993580,2.264598890671536,2.264598890671536,2.3091369855519805,2.3488990103095766,2.313237579957683
994733,1.6761253651822363,1.6761253651822363,1.6953192566297708,1.7129510807012216,1.6970906273424917
996894,1.97717217024097,1.97717217024097,2.004848698732492,2.0299786846625474,2.0074363962692408
997323,1.885164591974647,1.885164591974647,1.9195187617696188,1.9502278852467902,1.9226840394127662
997765,1.7788241499837303,1.7788241499837303,1.795846921852621,1.811114897478642,1.797418411246286
1002462,2.229821744841741,2.229821744841741,2.2672049265123926,2.300586616054083,2.270647206857139
1003551,1.6514361588397377,1.6514361588397377,1.672490887617428,1.6913837815123578,1.6744351129046189
1004044,2.0567545353489076,2.0567545353489076,2.0885254902255257,2.126308361966189,2.0914571166425597
1008349,1.905297268107123,1.905297268107123,1.9311132412597898,1.9626188203931811,1.934356902860022
1008748,1.8228374982280868,1.8228374982280868,1.849436635374911,1.8732842266985883,1.8518916274964983
1011324,1.5717656666800397,1.5717656666800397,1.5994408052163187,1.6242151384193746,1.601992885370285
1015956,2.608974100951764,2.608974100951764,2.6549083958516357,2.696104958732268,2.6591487813655776
1016056,1.9756850085927946,1.9756850085927946,1.997486477360234,2.0170063268602134,1.9994970798112959
1018225,1.9550305527693281,1.9550305527693281,1.984639880807211,2.0112014214616365,1.987373599833661
1019357,2.075666840276832,2.075666840276832,2.0956354404509923,2.1146517533556954,2.0975336370998106
1021539,2.198615963519374,2.198615963519374,2.2336233690576703,2.271525852105001,2.2369006563440865
1021880,1.9957167280017452,1.9957167280017452,2.024624019644889,2.0543615384586085,2.0276928996505816
1024979,2.231744938443927,2.231744938443927,2.2777991914882834,2.3190977672934903,2.2820509096931265
1026140,2.0457528799621825,2.0457528799621825,2.056415453181272,2.078323678111927,2.057400334931449
1026496,1.8177510668806132,1.8177510668806132,1.8358818754812858,1.8564976177861339,1.8375549067146641
1027431,2.150552435835853,2.150552435835853,2.199581951424615,2.2436948776379753,2.2041162712567437
1027836,2.2684022798393353,2.2684022798393353,2.290126237852224,2.3105841332757797,2.292132772157024
1030782,1.5603373304091668,1.5603373304091668,1.5763833187003131,1.592968287800874,1.5780914746970085
1030815,3.102209964979175,3.102209964979175,3.1514812062285023,3.19517039128085,3.1559998122769923
1031518,2.2774774074321282,2.2774774074321282,2.3162169281882696,2.3509383559181276,2.319791813942834
1031657,1.9573953594977087,1.9573953594977087,1.9780127896931925,1.9972274184551855,1.9799907328098418
1033006,2.201188590135258,2.201188590135258,2.2431114218756867,2.29181371718738,2.248125114844191
1036486,2.8920343046874395,2.8920343046874395,2.949761266988113,3.006315630712419,2.9550857569691016
1042048,1.856738360289563,1.856738360289563,1.8886602339191887,1.9173092626452073,1.8916082321773546
1042900,2.446174237429691,2.446174237429691,2.4927417662590807,2.5344603051495485,2.4970379104164833
1043577,1.8829245010928257,1.8829245010928257,1.9174382039544335,1.9483839825884448,1.920623837720379
1044100,1.981020101926447,1.981020101926447,1.996977067475662,2.011288537092389,1.9984501361432268
1044976,1.490745207711046,1.490745207711046,1.5154213277413593,1.5375229908641033,1.5176975370794838
1046349,1.4405662769254086,1.4405662769254086,1.470173304688904,1.4966736873694009,1.472903249709544
1049243,1.8692158881502647,1.8692158881502647,1.9123780150744432,1.953273862431268,1.9165824412516328
1050160,2.1301161525808388,2.1301161525808388,2.149247263719788,2.168170819721254,2.151195368689563
1054282,2.5783918683290317,2.5783918683290317,2.6250145585399407,2.6667386462194305,2.629313130916646
1054391,1.6114123713035975,1.6114123713035975,1.6289693877777862,1.6447096445233098,1.6305897938254648
1055412,1.7139551837892055,1.7139551837892055,1.7366833877232783,1.7574964874934904,1.7388260230249404
1055529,3.048365783274166,3.048365783274166,3.1250623240447286,3.1943192193591843,3.1321704961353705
1056076,2.211516760615404,2.211516760615404,2.238944764951643,2.263454843542806,2.241471443616983
1056951,1.9747747443160042,1.9747747443160042,2.00056387405915,2.024861775119453,2.002943549806042
1061212,1.5608281361435645,1.5608281361435645,1.5757509176860276,1.5891328324224936,1.5771283963483778
1061357,2.5023306108748384,2.5023306108748384,2.5478485955391235,2.5883893829554614,2.5520337123365224
1066815,2.177579234815864,2.177579234815864,2.230277061554936,2.277646652483491,2.235148135252457
1067884,1.488214311881258,1.488214311881258,1.4975132227567427,1.518567259266984,1.4996858400845294
1073831,1.6902943827008872,1.6902943827008872,1.7228962964535153,1.7528081314624737,1.725972432148229
1075303,2.3305804644980093,2.3305804644980093,2.374965014148615,2.4148249679067293,2.379065521788907
1076057,1.7610967601162428,1.7610967601162428,1.7765979447587337,1.7904987935043362,1.778028831548337
1079872,1.9184021111407317,1.9184021111407317,1.9465508514894274,1.9717777257411109,1.9491482745945257
1085687,2.38121456901629,2.38121456901629,2.420861964028845,2.4563701224100063,2.4245189806845766
1086041,1.6220521227008518,1.6220521227008518,1.6466627424509737,1.668697458898343,1.6489323872160961
1087417,1.6214800759181314,1.6214800759181314,1.6478036595669112,1.6713890568760277,1.6502323611628003
1090075,2.170583059890787,2.170583059890787,2.1954384759251466,2.2176847605840946,2.1977302559992946
1094341,1.4434139666300239,1.4434139666300239,1.4559056427104584,1.467117361439779,1.4570592945744856
1094481,1.9081905254260496,1.9081905254260496,1.9292696096429909,1.9482701232519435,1.9312115758533261
1098210,2.9489203735996448,2.9489203735996448,3.0194272646019114,3.0827542923370737,3.025941552790003
1103564,2.3195978317446517,2.3195978317446517,2.3673820291491148,2.4102194315883887,2.371792125167314
1103639,1.7924304312356028,1.7924304312356028,1.8059189317895028,1.8180191801766723,1.8071642848972191
1108584,1.6728115788889812,1.6728115788889812,1.6896683928157177,1.7048940746379635,1.6912374869012583
1109466,1.653286082913935,1.653286082913935,1.6636857955123157,1.6735868878329632,1.6647048086449716
1109890,1.5181632065925157,1.5181632065925157,1.5495794944556631,1.577769888137332,1.5524804570847492
1109920,1.6810881006859921,1.6810881006859921,1.712517639634469,1.7404964886620993,1.715406582044645
1111239,2.3478178868464075,2.3478178868464075,2.3824728640382684,2.4218653611211454,2.385721455289649
1111641,1.8335413720264149,1.8335413720264149,1.8581369092487987,1.885529663433929,1.8609590008812151
1112987,1.5396282093956266,1.5396282093956266,1.5647745104958373,1.5873112532210885,1.5670949253110094
1113576,1.210688308198567,1.210688308198567,1.21791616026523,1.2244023817162197,1.218583619295845
1113763,1.3786868371928411,1.3786868371928411,1.3915136038348355,1.403023295378593,1.3926980423972384
1115715,2.600568256003796,2.600568256003796,2.644245250345447,2.6834214767670344,2.6482774943423673
1118995,1.7346606223735295,1.7346606223735295,1.74917327544194,1.7631419513653113,1.7505135667760134
1119906,1.717629904184215,1.717629904184215,1.735998925176689,1.763338451243686,1.7388175902899365
1120556,2.494103057435525,2.494103057435525,2.5362002443295824,2.574596575735923,2.5400827606669063
1121753,1.6500772475071819,1.6500772475071819,1.6729797233861694,1.6946076728538642,1.6752071028611981
1122699,2.404098029219985,2.404098029219985,2.4326282749839976,2.4779263071919515,2.437292034004846
1124269,2.3991435012900912,2.3991435012900912,2.4275367487363892,2.455252724605986,2.4302076945075877
1125355,2.5802258167599508,2.5802258167599508,2.6439899959842044,2.701435963528904,2.6498914821151844
1126349,2.2416727547303212,2.2416727547303212,2.275291622757732,2.305453099329664,2.278395706548253
1128601,1.9279665120492513,1.9279665120492513,1.9459389929699589,1.967905017703411,1.948201389931108
1129809,1.6981722814076148,1.6981722814076148,1.7236685454085918,1.7473544903709965,1.7260217805160767
1131224,1.7895907440111605,1.7895907440111605,1.8245731626526076,1.8559913418112663,1.8278050932024976
1135071,1.411569024774173,1.411569024774173,1.4184758969396392,1.4281070691542783,1.419468006955683
1136249,2.0972013065161734,2.0972013065161734,2.1337515405584897,2.166415408787066,2.137118658126964
1140300,2.0430829493416103,2.0430829493416103,2.085272408396249,2.1229572602591564,2.0891564229654693
1141314,1.8249953285023066,1.8249953285023066,1.8531057091466414,1.8887334773481248,1.8567771400796749
1143354,2.725999472843122,2.725999472843122,2.7756705947432496,2.820081354234129,2.7802477016193037
1145405,2.3201959720312546,2.3201959720312546,2.3534250059218293,2.3831872833706127,2.356490115427354
1145716,2.1880591068272457,2.1880591068272457,2.2332922140197677,2.2739403052190807,2.2374726461743615
1145955,1.4259537189732916,1.4259537189732916,1.4338439029957342,1.452138535534578,1.4357290281276716
1147649,1.7414703112996757,1.7414703112996757,1.7733016835370232,1.8018633929287062,1.7762409373436556
1148719,1.5134314285799728,1.5134314285799728,1.5306167444257812,1.5460166799852595,1.5322024255708018
1148916,1.8746813885161564,1.8746813885161564,1.8959399575667548,1.9150201284752455,1.8979032587501954
1155480,2.0658231892617263,2.0658231892617263,2.1086336153408634,2.1470104340265683,2.1125846046012304
1157503,1.4077154953794417,1.4077154953794417,1.4187849397348258,1.4287205736511464,1.4198072721052848
1159674,1.9354720000860068,1.9354720000860068,1.9527140949816102,1.968608261211988,1.954305942849973
1161868,2.0121964670366834,2.0121964670366834,2.0447413766734526,2.077719414673997,2.048135485345507
1165164,1.8255119371211757,1.8255119371211757,1.852254433281164,1.8762496904625594,1.8547237715298877
1170703,2.8525031860434846,2.8525031860434846,2.9228733575561257,2.9861618300503276,2.9293801485119983
1170864,1.5954914497387491,1.5954914497387491,1.6080298610601786,1.619272429197817,1.6091871768666872
1175736,1.9642209164343705,1.9642209164343705,1.9793590004986845,1.994051952290197,1.9808714057324723
1182157,2.264398225298058,2.264398225298058,2.2874276260397806,2.3202276726894784,2.289554777216872
1182234,2.2114900325378684,2.2114900325378684,2.258579749296727,2.3009658412393263,2.2629359158388787
1184341,1.897977263216738,1.897977263216738,1.9182900744147235,1.9365031798285626,1.920164955977463
1185050,1.832356376319393,1.832356376319393,1.8649506230907091,1.8940591095910029,1.8679521092304556
1195731,1.957661715793198,1.957661715793198,1.9874539486621432,2.0141823059196047,1.990204685533546
1195753,1.8462663452806198,1.8462663452806198,1.8767287658307281,1.904044136090244,1.8795405824937925
1199306,3.162525212440499,3.162525212440499,3.211946722947423,3.2563594205138036,3.2165208955319837
1202595,1.9409615598815095,1.9409615598815095,1.9752850665795474,2.006060970635059,1.978453159698556
1203181,2.1111315522960457,2.1111315522960457,2.1538658334769702,2.1922461903506165,2.1578139325919383
1203323,1.9326891132081563,1.9326891132081563,1.9755634265205282,2.0140082413330678,1.9795208150323387
1203991,2.231471785593858,2.231471785593858,2.2650184049245503,2.302569439280439,2.2681133563163516
1204402,1.6200233802410666,1.6200233802410666,1.6432747269332224,1.6641145161771769,1.6454203563559975
1205227,1.692483639859632,1.692483639859632,1.6993927428732862,1.7308691099640348,1.7026323739250175
1205364,2.4074281205324035,2.4074281205324035,2.4310089413755094,2.4521752149029927,2.433186817405347
1205673,2.541562446173086,2.541562446173086,2.5864825067269632,2.626707360167937,2.5906256158135554
1206033,2.1360079547310784,2.1360079547310784,2.1639289412774643,2.2010069241406414,2.167742929565752
1206346,1.9364903059363845,1.9364903059363845,1.9567450171239942,1.974924178310576,1.958615612317339
1207327,1.8429138146104351,1.8429138146104351,1.855389914372382,1.8669352845537979,1.85657824639878
1210980,1.8159419373684826,1.8159419373684826,1.856220036206016,1.8922280958680977,1.859931322661191
1211884,2.008339314445629,2.008339314445629,2.0546297197319303,2.096311462696066,2.0589127661474595
1213889,2.079803981013378,2.079803981013378,2.1058628650284104,2.129218201105611,2.1082675253133503
1214577,2.1555185742604395,2.1555185742604395,2.1851369163892906,2.211665697181694,2.1878690271925025
1214976,1.5839631013637663,1.5839631013637663,1.6010936127349207,1.616664929934285,1.602695237509235
1219575,1.8561142495504763,1.8561142495504763,1.8804564553476306,1.90227691926362,1.8827029268050761
1220602,1.9455041771512904,1.9455041771512904,1.966208544565345,2.0008690487619196,1.9681190754706195
1223047,2.023186927937151,2.023186927937151,2.0567810660449015,2.0868533735616874,2.0598788998716544
1223131,1.7711791949615132,1.7711791949615132,1.8061940432188457,1.8375551222019832,1.8094238449975157
1228287,1.4621417850966192,1.4621417850966192,1.4759841950646038,1.4883939868625748,1.4772617533408445
1228793,1.3275677782762039,1.3275677782762039,1.3375729929219375,1.347306440498102,1.3385210322652592
1232537,1.6742293544950682,1.6742293544950682,1.6959009872670072,1.7153152224466082,1.6979002736508693
1234564,1.4935042159583796,1.4935042159583796,1.5090828938626222,1.525961997637437,1.5106191301759695
1235755,1.7850609562826134,1.7850609562826134,1.8150680474202714,1.843936046380067,1.8180407426587442
1236502,1.6702744226685733,1.6702744226685733,1.69391906448374,1.7157758917803967,1.6961682966287277
1237614,1.635282475836184,1.635282475836184,1.6546948787980094,1.6721187035534262,1.6564877269047058
1238468,2.624667786599633,2.624667786599633,2.6596778233493024,2.692227194321549,2.6629081130300354
1241786,1.7335945928449907,1.7335945928449907,1.7597291117122376,1.7833619025993295,1.7621616474406276
1243150,2.241786965431403,2.241786965431403,2.2878451775451576,2.329101128358853,2.2920939809509573
1243772,1.947264058860542,1.947264058860542,1.9859527450664303,2.0206624748808575,1.9895249200562006
1244229,3.462347493740286,3.462347493740286,3.5301861297755006,3.591242895739534,3.5364613425273452
1265884,2.171242274927377,2.171242274927377,2.2080627031129834,2.2409538541615412,2.211456825949877
1266034,1.6045556845214397,1.6045556845214397,1.6275682160747438,1.6524510841257924,1.6300948571048386
1268270,1.7310754805560284,1.7310754805560284,1.7524594910385385,1.7716325089154465,1.7544332065022423
1269878,2.045876223616563,2.045876223616563,2.0706711878666786,2.092881012759667,2.0729584592078196
1273554,1.4839054804316631,1.4839054804316631,1.507955220935626,1.5353435018802817,1.5106723222106984
1275684,2.9915908362577897,2.9915908362577897,3.0606750486544296,3.1229776355462833,3.067091674176868
1278832,2.328736651405734,2.328736651405734,2.366159616757409,2.3996833509981284,2.369611942206334
1279964,2.3855586620319285,2.3855586620319285,2.4251463643221234,2.4640333026817425,2.429150775490155
1281859,2.2260863895668432,2.2260863895668432,2.2674013145322838,2.3044686378743298,2.271216027853556
1282674,2.356697349918375,2.356697349918375,2.410305656530296,2.4585807744230435,2.4152662003164838
1283283,1.4487504478488444,1.4487504478488444,1.4577923198968816,1.4667718009163027,1.458627284322619
1284525,2.0325716177625397,2.0325716177625397,2.0541810416474764,2.078893267479814,2.0561741402610467
1284815,1.9204549531830784,1.9204549531830784,1.927056079097221,1.942906341732203,1.9277212413278046
1287280,1.6855626701846413,1.6855626701846413,1.6966135527622717,1.7065335469264702,1.6976342317695419
1288080,2.2668575995548457,2.2668575995548457,2.2935548152677763,2.3198608000617083,2.296018351720396
1290106,1.8174685728373534,1.8174685728373534,1.8281359008897755,1.8456339809510174,1.8291208212008707
1295183,1.505569291184722,1.505569291184722,1.5346674454070153,1.5607570065630845,1.5373531716711504
1298030,2.0642305360954194,2.0642305360954194,2.1021008501947316,2.1361187410525426,2.105596656635668
1298609,1.6324012013497986,1.6324012013497986,1.6499460986070476,1.6664335454844101,1.6516437347293453
1298659,1.8409832407181776,1.8409832407181776,1.8628028524279887,1.8824839703078087,1.8648292128774322
1299008,1.4869864320744324,1.4869864320744324,1.4979412468308104,1.5140558159622757,1.4996025492099292
1304739,1.6086370372406742,1.6086370372406742,1.627542410010934,1.6464143715549546,1.6294854979208064
1306865,2.6057388155652115,2.6057388155652115,2.64657905048844,2.683132668706634,2.6503447930726933
1308466,2.4289940652954316,2.4289940652954316,2.469950185868873,2.5066188063021593,2.4737271874938664
1308862,1.9602915791420992,1.9602915791420992,1.9868047524710841,2.0105536969976776,1.9892505386322734
1308936,2.4726526029208395,2.4726526029208395,2.5251575147719185,2.5723327803905884,2.5300094689880406
1309978,1.9500021733452366,1.9500021733452366,1.9865903489816834,2.0194108586211823,1.9899683329094888
1313808,1.8966775990843578,1.8966775990843578,1.9347256307762946,1.9708021620496388,1.9382403512638342
1315498,2.320731383711758,2.320731383711758,2.3640543217923597,2.402867655143109,2.368051107889743
1316254,2.1656710263314993,2.1656710263314993,2.211761596474051,2.253068022542928,2.216014569266376
1316420,2.1448119604355615,2.1448119604355615,2.166114219640462,2.18530244482131,2.1680800991131615
1320624,1.741727435892088,1.741727435892088,1.7524039534027482,1.7643511315694782,1.753595343893365
1324163,1.4717868298000678,1.4717868298000678,1.4765451465046566,1.4808191974346379,1.47698479112643
1328499,1.6604355199780814,1.6604355199780814,1.6809890634113294,1.6994029349029887,1.6828852740774376
1328564,2.144761177536923,2.144761177536923,2.1834438280434387,2.218091980333644,2.1870121036492582
1332736,2.324254838724317,2.324254838724317,2.3755378591007217,2.421512845775318,2.3802708556570424
1334422,1.8588189932835888,1.8588189932835888,1.9045939127287062,1.9457524622583569,1.9088257063507177
1338699,1.5911579619259344,1.5911579619259344,1.5999295475159014,1.6102879362418618,1.6007397664850591
1339326,2.53933975816166,2.53933975816166,2.574125745871244,2.6176020186706896,2.578017628444456
1340260,2.387835160388512,2.387835160388512,2.40142194021512,2.4136027980652424,2.4026759155689366
1340462,2.554080555907165,2.554080555907165,2.611611499593272,2.6631976738393135,2.616921746597087
1342245,2.021885050941731,2.021885050941731,2.0422900516058524,2.0613281836998283,2.0441999054087168
1343106,2.7083372419673197,2.7083372419673197,2.760504704034907,2.807318169981854,2.7653219941216567
1344034,1.6841123953484745,1.6841123953484745,1.7241081886163196,1.7600479863407612,1.7278044304355793
1345430,2.6448955653354473,2.6448955653354473,2.704264778553975,2.7575505255068204,2.709747818143998
1349351,2.91884526114216,2.91884526114216,2.9937952217846235,3.061480798942978,3.000742233598118
1350825,2.183453492917123,2.183453492917123,2.224268590351603,2.272253854613337,2.2292033271930927
1351624,1.9208985012086557,1.9208985012086557,1.9445950485089556,1.965846668303228,1.9467825260126523
1352919,2.209191926042759,2.209191926042759,2.2376326841540832,2.2631099650869637,2.240256359194737
1354305,1.6583634105208176,1.6583634105208176,1.6735240762036072,1.6870852661265725,1.674921487165222
1358225,2.1654604684646994,2.1654604684646994,2.1874705545840842,2.207173601169799,2.189500188682158
1358507,2.3491356889799913,2.3491356889799913,2.397127139569571,2.4400459194844117,2.4015500472920435
1359080,1.9830385320733683,1.9830385320733683,2.0013419522294345,2.0195814988454805,2.0030318684632196
1362165,1.5823677577957997,1.5823677577957997,1.6117777250816672,1.638261236164145,1.6145034529974895
1362524,2.0119530873716807,2.0119530873716807,2.038630420094454,2.066020316712844,2.0412165704187935
1368399,1.749962434724454,1.749962434724454,1.762689898269264,1.7758408271955266,1.7638828249659004
1370797,1.3612343247893848,1.3612343247893848,1.39210721688563,1.4198626515174806,1.3949611724383915
1372203,2.245516440130259,2.245516440130259,2.2977458975847447,2.3461335711016607,2.3025964586017817
1374725,2.3664247499231275,2.3664247499231275,2.4090676633360406,2.447223049407832,2.4129988204987862
1375755,2.4118294344168607,2.4118294344168607,2.4495945486045057,2.4893086501637263,2.4536908042154417
1376906,1.8601803049966537,1.8601803049966537,1.8910860144200874,1.919154970254979,1.893973968368587
1378319,2.33444983292996,2.33444983292996,2.356729713745299,2.3789735621899224,2.3589693240063605
1386519,4.154448691751261,4.154448691751261,4.254224138826023,4.344149700556812,4.263460629130491
1387608,1.6809657861956315,1.6809657861956315,1.6908877623638812,1.699794690452927,1.691804191688895
1387778,1.8341843036174181,1.8341843036174181,1.849258281111574,1.862780594416775,1.8506499983305102
1387972,3.18859341236588,3.18859341236588,3.2728279774540914,3.3489357137070197,3.2806374884894365
1388645,1.9034796821595188,1.9034796821595188,1.9247998905258465,1.9442943864972901,1.9267680220111216
1388845,2.0513348194702488,2.0513348194702488,2.0856127662748394,2.1165525075633758,2.0887766735690287
1389717,1.8835545995139666,1.8835545995139666,1.9267661496966901,1.9657067502359074,1.9307660929248447
1393668,1.9339301229371484,1.9339301229371484,1.9573021536177295,1.9782480286981803,1.9594588005596174
1397004,1.9653231423783646,1.9653231423783646,1.9825032661081667,1.9979085936050247,1.9840890594081604
1403451,1.7072796421210734,1.7072796421210734,1.7249506598057862,1.7407779773999361,1.7265806863778772
1404000,1.453163706012716,1.453163706012716,1.4805623624916426,1.508984882481785,1.483486611097173
1404528,2.0149307930332334,2.0149307930332334,2.034539764133881,2.05244962538091,2.036383551353535
1404793,2.221028640936103,2.221028640936103,2.2607234064376116,2.2961119558043697,2.2643751322002292
1405428,1.8077396418335736,1.8077396418335736,1.8400905963356193,1.8691058975661874,1.8430770690682274
1405844,2.4888628689113146,2.4888628689113146,2.5363136590278423,2.584528737134457,2.541275328390094
1408080,1.95636704633282,1.95636704633282,1.9940169518667121,2.0277082429176074,1.9974908787673213
1408698,2.0712801422898415,2.0712801422898415,2.0888337078436345,2.104685554399312,2.090454355261345
1410278,2.30578774221607,2.30578774221607,2.34547984256887,2.3810093673160955,2.349139825467048
1411155,1.8522074798090602,1.8522074798090602,1.8854468432436113,1.9180094851681868,1.888799216698781
1416525,1.682967808071969,1.682967808071969,1.7062350218459534,1.7270963762883258,1.7083825629849139
1416634,1.7602235934249157,1.7602235934249157,1.7713919544987577,1.7814167937820107,1.7724234490663553
1417752,2.380732122554969,2.380732122554969,2.431027935485285,2.4761836448090246,2.4356736981687788
1418222,1.2425258854676435,1.2425258854676435,1.2523917160879716,1.2612337493964747,1.2533020986924657
1419159,2.2641261534335024,2.2641261534335024,2.302439518278454,2.344530965161595,2.3067727933981876
1419487,1.6785652363633903,1.6785652363633903,1.699734654075045,1.7187092455648982,1.7016882073154445
1421659,1.9897479414655226,1.9897479414655226,2.0085764252389726,2.0259818388525748,2.01031392208571
1424755,2.5161492984699896,2.5161492984699896,2.560862509935364,2.6015634393657976,2.564986708816706
1426244,1.990814411994218,1.990814411994218,2.0151714958973197,2.037006286463309,2.0174193854882296
1429907,2.309956835839257,2.309956835839257,2.361980245854034,2.408592727434998,2.366780015339077
1431215,1.6661222090470935,1.6661222090470935,1.6859420936237515,1.7041337211573817,1.6878153499070316
1434891,1.9998741533947062,1.9998741533947062,2.036848338207386,2.0708708113796805,2.0403519730843023
1435405,2.075917975086811,2.075917975086811,2.104781917840731,2.130640271165869,2.107444772263663
1435602,1.4038022290058574,1.4038022290058574,1.4304243568947745,1.4543221530840664,1.4328832104462148
1436750,2.3036275443088425,2.3036275443088425,2.3336915738454094,2.3606570177095363,2.3364670464456636
1437139,1.8811634191034665,1.8811634191034665,1.9157339272395866,1.9467471784641712,1.9189257672917284
1437667,1.3568783610961999,1.3568783610961999,1.380635293620367,1.4019273893271706,1.382827512420371
1437905,2.0808700286866904,2.0808700286866904,2.128545419510306,2.1713556593601635,2.1329495578807722
1442213,1.6537757561671105,1.6537757561671105,1.6807451867491332,1.7047987109447058,1.6832268268847073
1442403,1.912062831014406,1.912062831014406,1.9328661153030902,1.9540412802894636,1.9350456694053022
1442961,2.2659437885879385,2.2659437885879385,2.3015847303139414,2.333454132710812,2.304869178267985
1444033,2.4506908778609726,2.4506908778609726,2.4944703297955817,2.533686521344533,2.4985088746243607
1447551,1.8619911484612013,1.8619911484612013,1.9075545040411415,1.9484492920987282,1.911762505905758
1447630,1.3685445710834245,1.3685445710834245,1.3844363403572502,1.3986703999643355,1.3859022569879242
1448596,1.828848289596464,1.828848289596464,1.8625540699093432,1.8927587068075904,1.8656640523121935
1449323,2.9137839515536452,2.9137839515536452,2.973035848644871,3.026142965349708,2.978503631863833
1453057,1.912534910431113,1.912534910431113,1.9529833892978625,1.9892433977856456,1.9567164341002388
1456490,1.8152552768170602,1.8152552768170602,1.8270685882346263,1.837809511633666,1.8281592647480198
1456598,3.553315383922908,3.553315383922908,3.629897466638753,3.698738085696464,3.6369762897872544
1461924,2.0674690268816662,2.0674690268816662,2.086660201617783,2.1038623758890638,2.088431243311953
1462559,1.8172743990117464,1.8172743990117464,1.8450251780717266,1.8708022862973872,1.847679937062457
1462647,2.425409827765203,2.425409827765203,2.468694546830121,2.5073373408463495,2.4726797473708433
1463959,1.5919772960508036,1.5919772960508036,1.6093338890325037,1.6248857023785435,1.6109352654674671
1467487,2.892258068200298,2.892258068200298,2.950026879831013,3.0017727427734457,2.9553558362506136
1467782,1.4386930800713384,1.4386930800713384,1.4560743136449206,1.471713365383717,1.4576847826219455
1469890,1.7067742395448764,1.7067742395448764,1.7418288778525521,1.7733505357793884,1.7450641898459602
1470277,2.2805838766992266,2.2805838766992266,2.323080176037519,2.3660448049585336,2.327010410084997
1473081,1.9612971539811503,1.9612971539811503,1.976635885604639,1.9903997716081483,1.9780522940159788
1477414,1.9630441065356552,1.9630441065356552,1.9885459089044002,2.0114476441903943,1.9909036018945396
1478051,2.141080629193429,2.141080629193429,2.188094827849238,2.230355232735409,2.1924405457852254
1479088,2.639375160174536,2.639375160174536,2.701020225032745,2.756482310361185,2.7067213618911046
1479606,1.6632812809429511,1.6632812809429511,1.6937799809361112,1.721117227581824,1.6965945409426277
1480781,1.929124749291638,1.929124749291638,1.9529928128836866,1.974385019091036,1.9551953316722885
1480972,2.025105465755899,2.025105465755899,2.0697290849679764,2.109824038583457,2.073855188637981
1481979,2.064547467668475,2.064547467668475,2.0861882679820853,2.1063220226231123,2.0882610376991138
1483806,1.8166768698603397,1.8166768698603397,1.833972630687012,1.8504708416928852,1.835568563816176
1485320,1.8748485039020737,1.8748485039020737,1.9054902384662318,1.9329027893757056,1.9083147761526607
1486467,1.5705635643619977,1.5705635643619977,1.5821764920379122,1.5925890288884985,1.5832483716646903
1486730,1.7121739520182901,1.7121739520182901,1.7202627749988504,1.7275284508884787,1.7210101460182061
1487371,2.065938668218064,2.065938668218064,2.111185358040742,2.1517675613753715,2.1153624265859996
1489001,3.2467855543172948,3.2467855543172948,3.309572457933481,3.3659625871618335,3.3153731393610597
1489628,2.5146862501677933,2.5146862501677933,2.536160270492091,2.5568853919680405,2.5381426072168276
1489984,2.596708266179717,2.596708266179717,2.645141770600708,2.68905405779677,2.6496152747217248
1491386,1.8613810575018153,1.8613810575018153,1.8792903117891042,1.8953584292155738,1.880943936430858
1492236,2.1535664193893056,2.1535664193893056,2.189247755873582,2.2212150021985146,2.192539633225443
1494069,1.918220029780141,1.918220029780141,1.9345978113023667,1.9492992254065344,1.9361104697898894
1496387,2.5515814832027592,2.5515814832027592,2.6086455091705405,2.660033196641035,2.613925566428143
1496489,2.3879447329035917,2.3879447329035917,2.440087401277276,2.4868986932942505,2.444903596182658
1501119,2.003878759343351,2.003878759343351,2.043335142184698,2.078661238701909,2.04697385685743
1504433,2.4005416199056073,2.4005416199056073,2.4573519502717316,2.5083839226939384,2.4626010898216517
1506271,1.5930463216707678,1.5930463216707678,1.6053326754889268,1.6163671245458813,1.6064677868489132
1507975,1.7099930758912867,1.7099930758912867,1.7362905707217278,1.7598438929412874,1.738716304892752
1508054,1.4757886768973074,1.4757886768973074,1.4985042960285129,1.518825712439301,1.5005981887328808
1508443,2.365961571627805,2.365961571627805,2.4114833097244968,2.452206746612775,2.415679425901043
1510122,2.7986000113701364,2.7986000113701364,2.8399394022569173,2.8767830645639063,2.843741786306755
1511391,2.5307336534070033,2.5307336534070033,2.5787718457310946,2.621555877997476,2.5831886094005787
1511826,2.304691683348941,2.304691683348941,2.35497257488531,2.4000340906358635,2.359612169208915
1512589,2.085189901049652,2.085189901049652,2.113974491758498,2.1399876354819223,2.116631966279174
1513477,1.6025268639283807,1.6025268639283807,1.624055050944052,1.64334381986847,1.6260412782895066
1514187,2.210692157700933,2.210692157700933,2.2526636660869808,2.2902255901762825,2.2565333693426215
1515337,2.194490561694157,2.194490561694157,2.2290158687222865,2.2602780176127224,2.2322025681194795
1520336,1.740411606832148,1.740411606832148,1.7600925073730251,1.7783806477195774,1.7619087582230568
1522756,2.6835195615355216,2.6835195615355216,2.7402628692738795,2.791022194210908,2.745493181252028
1530470,1.9638435390174196,1.9638435390174196,1.994174395928357,2.021346225790177,1.9969725549320676
1530740,1.836376656934669,1.836376656934669,1.8725455061318803,1.904923294912234,1.875880750020171
1530885,2.1468032067507754,2.1468032067507754,2.188318351227007,2.2253511712759586,2.1921388212162114
1532437,2.5766249395502325,2.5766249395502325,2.627464430881905,2.673090199376821,2.632159330645017
1533513,1.8386971430718761,1.8386971430718761,1.877765850365667,1.9127816742547703,1.8813710957035168
1534371,1.7998372171090415,1.7998372171090415,1.839160874065833,1.8744000603828357,1.8427892808871469
1535536,1.8798984113281199,1.8798984113281199,1.9215236184512583,1.958906119624785,1.925369338871716
1540495,1.9794647563650376,1.9794647563650376,2.015481706477758,2.0478069017569633,2.0188079726861297
1544073,2.243697377852842,2.243697377852842,2.2663193347243085,2.2866030500344587,2.2684073492081067
1545592,2.282958221439076,2.282958221439076,2.3266329100770404,2.3657054970283666,2.3306588609560217
1546338,1.6083329342484094,1.6083329342484094,1.6380755050014908,1.6647119061444149,1.6408188283126472
1546390,1.7515084030667072,1.7515084030667072,1.7610207026806857,1.7695629025310402,1.761899472887732
1548197,1.5939291406477725,1.5939291406477725,1.6032826983881465,1.6118570301166808,1.6041466027827709
1548621,2.1615258650170484,2.1615258650170484,2.202237255539923,2.2385528537476325,2.20598374189436
1556545,1.6028312168560197,1.6028312168560197,1.6067347241255474,1.6102422890686703,1.6070954679804113
1557515,2.1439011453699153,2.1439011453699153,2.1680850376638077,2.189785123414244,2.1703181799232785
1557878,1.7752611272623677,1.7752611272623677,1.8001403052904716,1.826545694492541,1.8028319855215782
1558539,1.5412803201035483,1.5412803201035483,1.5522372338356523,1.5632077895688221,1.5533662638889074
1560484,1.8045067005160005,1.8045067005160005,1.8154554796315325,1.8252841594240545,1.8164667482935857
1561715,3.3904614554976344,3.3904614554976344,3.4585763381559924,3.51984068791841,3.464874498256372
1561919,2.4040079778092425,2.4040079778092425,2.440781680231117,2.4783984871100584,2.444169570599734
1568689,1.7956551307587503,1.7956551307587503,1.8171308662672858,1.8447513256008852,1.8191125728565931
1570641,2.2069739169656866,2.2069739169656866,2.229843751801241,2.2735997878108636,2.23402669362676
1575956,1.9658665727643247,1.9658665727643247,1.9931715090692246,2.026331782556866,1.9965881824674712
1577529,1.9707854437127115,1.9707854437127115,2.014108658497691,2.052938257571575,2.018106461099737
1584800,1.7601626873379261,1.7601626873379261,1.7853750368152204,1.8079713481644986,1.7877015689112417
1586598,1.9154830661551132,1.9154830661551132,1.941264159382002,1.9643405015270001,1.9436413769118426
1587357,2.447955590286206,2.447955590286206,2.484619631367738,2.5174402903380635,2.488000584152588
1587862,2.280384160314286,2.280384160314286,2.3357194937894326,2.3857301531871844,2.3408374541905324
1588258,1.809136852296045,1.809136852296045,1.832915865091419,1.8542957538414278,1.8351104355060934
1588388,2.218953394845948,2.218953394845948,2.2557729602023504,2.289838952277174,2.259169308793299
1590136,2.399733830082103,2.399733830082103,2.4473755921867606,2.490213530389389,2.4517800037313
1590203,2.4192767551070977,2.4192767551070977,2.4664932815046625,2.5087212076758396,2.470844897590139
1590667,2.06837772208282,2.06837772208282,2.0993578121088783,2.1271638877790564,2.102218972801795
1590821,1.9011010770080001,1.9011010770080001,1.9168583432520878,1.930977891787573,1.9183122134358117
1592589,1.4265013412760668,1.4265013412760668,1.4491939818337187,1.4709088967450075,1.4512887244671318
1594247,1.6815479479734472,1.6815479479734472,1.6998892779405301,1.7171074479557882,1.7016627168479395
1597937,2.317458906658243,2.317458906658243,2.3674501080953396,2.412318381247311,2.3720669767857214
